keyword,category_name,country,trends_mean,trends_slope,yt_total_views,yt_engagement,ali_avg_sale_price,cluster,success_proba,rf_prob,xgb_prob_high,forecast_mean,trend_quality,consistency_score,social_velocity,POS,tier
patin electrico,Sports & Entertainment,MX,57.868132,-0.120226,3437.0,0.026477,49.776,Muerto,0.00403,0.008507,0.004423,47.047778,-0.421452,0.0,18.2,0.158282,LOW
Mochila impermeable,Luggage & Bags,MX,14.225806,1.03871,3041.0,0.037159,171.338,Muerto,0.085123,0.03,0.005391,100.0,0.707431,0.0,3.323529,0.221443,LOW
arduino,Electronic Components & Supplies,MX,55.43956,0.067288,4777.0,0.045217,25.885,Estable,0.002333,0.0,0.004637,61.495461,0.23214,0.0,43.2,0.17622,LOW
microfonos,Consumer Electronics,MX,62.120879,0.081207,7662.0,0.020491,108.609,Muerto,0.003174,0.005,0.004423,69.429527,0.399049,9e-06,19.625,0.181609,LOW
teclados,Computer & Office,MX,60.43956,-0.24222,1069.0,0.007484,249.195,Muerto,0.001001,0.01,0.004423,38.639752,-1.007806,1e-06,4.0,0.140717,LOW
tenis puma,"Sports Shoes,Clothing&Accessories",MX,71.593407,-0.069772,24069.0,0.042004,492.369,Barato masivo,0.002222,0.01,0.004422,65.313903,-0.43506,2.8e-05,144.428571,0.163571,LOW
laptop hp,Computer & Office,MX,43.054945,-0.111626,5088.0,0.038129,51.21,Muerto,0.000489,0.01,0.004422,33.0086,-0.385166,1e-05,27.714286,0.159317,LOW
chamarras,Home & Garden,MX,48.087912,-0.492069,130029.0,0.018657,40.668,Estable,0.001597,0.005,0.004423,3.80172,-1.241426,0.0,50.541667,0.135481,LOW
pantallas,Phones & Telecommunications Accessories,MX,82.813187,-0.012327,57414.0,0.008047,16.112,Muerto,0.004279,0.0,0.004419,81.703774,-0.132807,0.001248,9.428571,0.3161,MEDIUM
usb,Lights & Lighting,MX,83.824176,0.026278,638.0,0.133229,23.381,Estable,0.005613,0.005,0.004418,86.189202,0.27769,0.000976,28.333333,0.295699,MEDIUM
jaulas,Home & Garden,MX,55.241758,0.038812,4615790.0,0.0161,39.818889,Estable,0.01779,0.01,0.004423,58.73483,0.132572,0.0,1581.12766,0.216658,LOW
iphone,Phones & Telecommunications Accessories,MX,65.296703,-0.143144,697887.0,0.03591,16.615,Estable,0.008411,0.0,0.004423,52.41376,-0.977544,0.000191,2278.272727,0.222072,LOW
destornillador electrico,Tools,MX,3.989011,0.14093,541032.0,0.036604,33.944,Estable,0.000961,0.0,0.004393,16.672719,0.04219,4e-06,495.1,0.18181,LOW
teclado dareu,Computer & Office,MX,1.098901,0.044593,,0.0,440.086,Barato masivo,0.001088,0.0,0.004387,5.112279,0.004268,2.8e-05,0.0,0.17174,LOW
anillo remoto,Consumer Electronics,MX,1.098901,0.020704,2717.0,0.026132,127.772857,Muerto,0.001049,0.0,0.004388,2.962255,0.001981,2.8e-05,5.461538,0.171792,LOW
aspiradora portatil,Home Appliances,MX,2.549451,0.066555,173826.0,0.025037,120.219,Estable,0.006775,0.0,0.004393,8.539417,0.014185,1.7e-05,334.769231,0.18106,LOW
reloj ventilador,Home Appliances,MX,3.076923,0.164039,177004.0,0.005655,150.01,Muerto,0.013376,0.005,0.004388,17.84042,0.031681,0.0,143.0,0.177523,LOW
luz pastillo baseus,Lights & Lighting,MX,1.098901,0.019111,,0.0,77.051111,Muerto,0.002296,0.0,0.004388,2.81892,0.001829,2.8e-05,0.0,0.172156,LOW
power bank,Lights & Lighting,MX,50.505495,-0.030658,1357.0,0.019897,29.314,Muerto,0.005708,0.008507,0.004423,47.746297,-0.121717,8e-06,13.5,0.168051,LOW
ventilador de cuello,Home Appliances,MX,3.516484,0.112964,5938.0,0.011452,68.802,Muerto,0.006705,0.0,0.004388,13.68323,0.030562,6e-06,3.238095,0.172162,LOW
bocina retro,Sports & Entertainment,MX,1.098901,0.068482,13818.0,0.018888,21.065,Muerto,0.003512,0.0,0.004388,7.262303,0.006554,2.8e-05,20.076923,0.173255,LOW
laser pointer,Sports & Entertainment,MX,1.989011,0.114891,2.0,0.0,48.038889,Muerto,0.004628,0.0,0.004388,12.329193,0.017588,6e-06,0.0,0.170899,LOW
lavamanos,Home & Garden,MX,71.193548,-0.222177,100128.0,0.008829,23.96,Muerto,0.003432,0.0,0.004423,51.197581,-1.308126,1.5e-05,19.217391,0.135455,LOW
ducha,Home & Garden,MX,84.967742,-0.136694,30801.0,0.015584,17.613,Muerto,0.005823,0.0,0.004419,72.665323,-1.292611,0.00034,15.0,0.175832,LOW
cajas de carton,Jewelry & Accessories,MX,67.645161,0.865726,1142104.0,0.012444,24.048,Estable,0.032019,0.08924,0.017436,100.0,2.152221,0.0,330.511628,0.247863,LOW
faros led para carro,"Automobiles, Parts & Accessories",MX,24.903226,2.252016,147370.0,0.093147,72.969,Estable,0.875411,0.06,0.013585,100.0,1.468205,0.0,490.25,0.570315,MEDIUM
lavadora,Home & Garden,MX,88.483871,-0.118145,330537.0,0.048932,20.329,Estable,0.008358,0.025,0.004419,77.850806,-1.271808,0.000732,539.133333,0.237106,LOW
cortina plastica,Home & Garden,MX,3.225806,0.080645,,0.0,27.535,Muerto,0.008025,0.005,0.004388,10.483871,0.01372,0.0,0.0,0.17141,LOW
mouse inalambrico,Computer & Office,MX,50.903226,0.064516,8109.0,0.021704,36.523,Muerto,0.002371,0.02891,0.004431,56.709677,0.118875,0.0,29.333333,0.172748,LOW
teclado gamer,Computer & Office,MX,29.580645,1.258468,1108.0,0.030686,313.666,Muerto,0.094916,0.763147,0.006873,100.0,1.17103,0.0,17.0,0.23846,LOW
pecera de vidrio,Home & Garden,MX,33.322581,3.349194,28150.0,0.009414,26.472,Viral/Premium,0.993523,0.925476,0.774158,100.0,2.973955,0.0,53.0,0.648528,MEDIUM
soporte para tv,Consumer Electronics,MX,54.870968,0.538306,2149.0,0.033969,166.341,Muerto,0.011234,0.129747,0.004562,100.0,0.959245,0.0,1.780488,0.198778,LOW
escritorio,Phones & Telecommunications Accessories,MX,80.225806,0.075403,22193.0,0.031046,17.914,Estable,0.010087,0.034841,0.00442,87.012097,0.32081,0.0,14.978261,0.181054,LOW
maquina de coser,Home & Garden,MX,75.354839,-0.221774,15782.0,0.02148,38.952222,Muerto,0.006121,0.0,0.00442,55.395161,-1.478409,3.4e-05,21.1875,0.134084,LOW
cama de niño,Toys & Hobbies,MX,36.83871,3.798387,15123358.0,0.009501,5681.28875,Barato masivo,0.999876,0.894708,0.945254,100.0,3.476636,0.0,4354.272727,0.768397,HIGH
marmol,Home & Garden,MX,80.419355,-0.42621,611376.0,0.030186,20.201,Estable,0.00262,0.0,0.004419,42.060484,-3.127566,4.7e-05,439.404762,0.098977,LOW
marcador amarillo,Office & School Supplies,MX,11.032258,0.726613,1303.0,0.008442,12.855,Muerto,0.023945,0.120767,0.004597,76.427419,0.291955,0.0,3.666667,0.18553,LOW
tornillos,Tools,MX,81.741935,-0.468548,90432.0,0.014353,18.975,Muerto,0.000577,0.0,0.004419,39.572581,-3.435356,3.9e-05,27.041667,0.078779,LOW
control xbox,Consumer Electronics,MX,65.626374,-0.042491,24274.0,0.064843,49.634444,Estable,0.001945,0.01,0.004423,61.802198,-0.206988,4e-06,104.933333,0.165881,LOW
control playstation,Consumer Electronics,MX,8.032967,0.206402,22561.0,0.011569,61.724,Muerto,0.00299,0.005,0.004631,26.609173,0.083175,0.0,13.736842,0.171637,LOW
raton gamer,Computer & Office,MX,1.164835,0.017869,7084.0,0.01581,21.936,Muerto,0.000523,0.0,0.004388,2.773053,0.001811,2.8e-05,16.0,0.171791,LOW
cafetera express,Home & Garden,MX,11.120879,0.609651,41103.0,0.079143,1437.08,Barato masivo,0.101351,0.062778,0.004483,65.989489,0.234641,0.0,141.434783,0.218236,LOW
xiaomi tag,Watches,MX,9.098901,0.493215,38906.0,0.046882,13.512,Estable,0.018424,0.055,0.004483,53.488294,0.170283,0.0,165.818182,0.18387,LOW
camara web,Consumer Electronics,MX,37.076923,0.042491,7072.0,0.020079,46.999,Muerto,0.013641,0.693044,0.004914,40.901099,0.044075,0.0,11.833333,0.174776,LOW
rastreador,Home & Garden,MX,66.175824,0.056936,3317.0,0.029846,85.685,Muerto,0.00614,0.015,0.004423,71.300048,0.257672,1e-06,9.9,0.177757,LOW
microfono,Consumer Electronics,MX,82.67033,-0.007788,21908.0,0.062123,110.625,Estable,0.002809,0.005,0.004419,81.969422,-0.07994,0.000864,104.692308,0.273144,LOW
camara inalambrica,"Automobiles, Parts & Accessories",MX,13.384615,0.740038,4741.0,0.051255,72.56,Muerto,0.180065,0.662025,0.005865,79.988055,0.312191,0.0,40.5,0.249438,LOW
hub usb,Computer & Office,MX,22.934066,0.090237,4512.0,0.016179,27.837,Muerto,0.004593,0.08111,0.004533,31.055423,0.064919,0.0,14.6,0.171796,LOW
organizador tarjetas,Home & Garden,MX,1.098901,0.052556,2323.0,0.015067,22.454,Muerto,0.004225,0.005,0.004388,5.828954,0.00503,2.8e-05,11.666667,0.173296,LOW
impresora termica portatil,Computer & Office,MX,5.967033,0.314238,93801.0,0.033411,51.627,Estable,0.001385,0.01,0.004387,34.248447,0.084698,0.0,80.358974,0.172639,LOW
cuerdas led,Lights & Lighting,MX,1.912088,0.055136,692542.0,0.010324,26.685,Estable,0.002859,0.005,0.004388,6.874343,0.007546,2e-06,310.869565,0.176929,LOW
soporte tablet,Computer & Office,MX,5.318681,0.147667,13304.0,0.031645,32.908,Muerto,0.000981,0.005,0.004388,18.608696,0.043849,0.0,23.388889,0.169987,LOW
tableta LCD,Toys & Hobbies,MX,1.098901,-0.007963,3994.0,0.032799,274.792,Muerto,0.000584,0.005,0.004387,0.382226,-0.000762,2.8e-05,26.2,0.17203,LOW
guitarra,Computer & Office,MX,80.626374,-0.007772,56784.0,0.040399,23.21,Estable,0.000839,0.005,0.004419,79.926899,-0.065051,0.000178,71.6875,0.189507,LOW
bateria,"Automobiles, Parts & Accessories",MX,79.67033,0.021118,46146.0,0.028627,129.698,Estable,0.009458,0.0,0.004418,81.570951,0.21426,0.001057,101.615385,0.307005,MEDIUM
flautas,Sports & Entertainment,MX,70.131868,-0.053098,9478.0,0.012872,31.202,Muerto,0.00348,0.025,0.004423,65.353082,-0.330232,3.4e-05,2.652174,0.164319,LOW
coches juguetes,Toys & Hobbies,MX,1.692308,0.09664,43100.0,0.01109,98.29,Muerto,0.000886,0.0,0.004388,10.389871,0.012719,7e-06,59.75,0.170813,LOW
ganchos ropa,Home & Garden,MX,25.659341,0.104953,13091648.0,0.022384,35.642,Estable,0.874686,0.039841,0.00443,35.105112,0.086209,0.0,6234.893617,0.670164,HIGH
toallas,Home & Garden,MX,83.263736,0.003408,193034.0,0.011459,24.048,Estable,0.006128,0.025,0.004419,83.570473,0.035161,0.00085,58.210526,0.274777,LOW
mochila viaje,Sports & Entertainment,MX,14.516484,0.423539,132836.0,0.013822,110.142,Muerto,0.027619,0.120892,0.004661,52.634974,0.226477,0.0,91.8,0.187316,LOW
condon,,MX,48.21978,-0.121564,264917.0,0.012796,,Estable,0.035548,0.005,0.004423,37.279025,-0.600389,0.000156,484.285714,0.195955,LOW
vibrador,Beauty & Health,MX,82.406593,-0.038621,64106.0,0.020513,217.515,Muerto,0.02272,0.0,0.004423,78.930721,-0.341777,0.000246,65.75,0.1986,LOW
almohadilla viaje,Home & Garden,MX,1.098901,-0.046186,400.0,0.09,23.834444,Estable,0.002786,0.0,0.004388,0.0,-0.00442,2.8e-05,9.0,0.172396,LOW
cargador c,Phones & Telecommunications Accessories,MX,59.450549,0.052078,2347.0,0.014487,16.88,Muerto,0.008028,0.008507,0.004427,64.137602,0.204127,1e-06,4.857143,0.176855,LOW
calcetines,Underwear,MX,60.32967,-0.015289,78415.0,0.022687,15.183,Estable,0.002309,0.01,0.004423,58.953655,-0.090086,9.7e-05,41.372093,0.178941,LOW
violin,Sports & Entertainment,MX,79.83871,-0.080242,11246.0,0.049707,41.709,Estable,0.006555,0.0,0.004419,72.616935,-0.573762,3.8e-05,93.166667,0.161504,LOW
clarinete,Sports & Entertainment,MX,36.967742,0.979435,4446.0,0.036437,38.704,Muerto,0.076584,0.17405,0.015399,100.0,1.318464,0.0,10.125,0.235021,LOW
trompeta,Home & Garden,MX,75.0,0.195968,23984.0,0.02314,32.166,Muerto,0.010538,0.014398,0.021152,92.637097,1.386292,6.8e-05,16.323529,0.218738,LOW
piano,Home & Garden,MX,82.612903,-0.402419,23495.0,0.038817,48.66,Estable,0.00441,0.0,0.004423,46.395161,-3.515587,0.000213,91.2,0.100493,LOW
billetera de cuero,Luggage & Bags,MX,3.225806,-0.483871,251544.0,0.078634,15.855,Estable,0.00207,0.01,0.004388,0.0,-0.082322,0.0,581.764706,0.180378,LOW
gafas de sol,Apparel Accessories,MX,43.870968,2.025403,37773.0,0.029651,20.286,Viral/Premium,0.698002,0.861709,0.012452,100.0,2.332101,0.0,29.473684,0.512042,MEDIUM
blanqueador dental,Beauty & Health,MX,24.451613,2.153629,207628.0,0.014584,83.285,Viral/Premium,0.939434,0.195461,0.010198,100.0,1.296515,0.0,89.058824,0.58155,MEDIUM
traje de buzo,Men's Clothing,MX,28.129032,2.630645,75332.0,0.008921,43.775,Viral/Premium,0.996904,0.346529,0.012436,100.0,2.186572,0.0,56.0,0.628265,MEDIUM
carros hibridos,"Automobiles, Parts & Accessories",MX,39.741935,3.874194,4933.0,0.024731,20.765,Viral/Premium,0.999306,0.903963,0.945254,100.0,3.544532,0.0,24.4,0.66587,HIGH
ajedrez profesional,Sports & Entertainment,MX,16.645161,1.682661,2043813.0,0.04525,22.21,Estable,0.847462,0.124822,0.006524,100.0,0.851572,0.0,5780.125,0.669412,HIGH
monopoli,Electronic Components & Supplies,MX,16.612903,0.965323,2999.0,0.00967,81.855,Muerto,0.027165,0.052028,0.005302,100.0,0.732193,0.0,7.25,0.19903,LOW
iphone 13 pro max,Phones & Telecommunications Accessories,MX,69.322581,-0.906855,1318.0,0.008346,18.22,Muerto,0.001811,0.015,0.004423,0.0,-4.893276,7e-06,5.5,0.034754,LOW
cadena de oro,Jewelry & Accessories,MX,71.935484,-0.285887,1028094.0,0.022047,6.276,Estable,0.001566,0.005,0.004423,46.205645,-1.790184,2.8e-05,581.179487,0.136469,LOW
collar de perlas,Jewelry & Accessories,MX,32.967742,3.441532,572669.0,0.02371,6.025,Viral/Premium,0.98165,0.864884,0.934732,100.0,3.099664,0.0,502.888889,0.658064,HIGH
llavero de madera,Tools,MX,14.096774,0.881048,8266.0,0.018872,18.24,Muerto,0.051486,0.190655,0.004681,93.391129,0.367159,0.0,10.4,0.198782,LOW
protector solar,Home Improvement,MX,74.645161,-1.021774,31605.0,0.023319,30.168,Muerto,0.001071,0.0,0.004423,0.0,-6.094862,1e-05,28.346154,0.002251,LOW
cepillo de dientes,Home & Garden,MX,77.645161,0.257258,407194.0,0.084989,14.753,Estable,0.013764,0.045,0.022793,100.0,1.320689,1e-06,887.358974,0.23114,LOW
guantes de futbol,Apparel Accessories,MX,39.774194,3.838306,4358704.0,0.013322,20.563,Viral/Premium,0.999277,0.929186,0.945254,100.0,3.496217,0.0,1759.545455,0.706272,HIGH
rasuradora electrica,Home Appliances,MX,30.903226,3.005242,3094.0,0.007757,72.931,Viral/Premium,0.991852,0.973334,0.012357,100.0,2.632956,0.0,4.8,0.637307,MEDIUM
camisetas de futbol,"Sports Shoes,Clothing&Accessories",MX,37.903226,3.916129,347246.0,0.043859,36.737778,Viral/Premium,0.981809,0.789611,0.945254,100.0,3.557471,0.0,447.941176,0.669415,HIGH
peluches,Home & Garden,MX,86.548387,-0.003629,579887.0,0.028323,20.306,Estable,0.008413,0.01,0.004423,86.221774,-0.033898,0.000257,421.128205,0.211302,LOW
guantes de box,"Sports Shoes,Clothing&Accessories",MX,55.193548,0.110081,446061.0,0.016065,47.858889,Barato masivo,0.00092,0.025,0.004427,65.100806,0.431662,2e-06,170.619048,0.184434,LOW
guantes de boxeo,Sports & Entertainment,MX,23.129032,1.419758,527478.0,0.022399,23.052222,Estable,0.207512,0.711823,0.014552,100.0,1.378451,0.0,454.423077,0.299748,MEDIUM
medias de compresion,Underwear,MX,67.064516,0.300403,18099.0,0.005967,20.752,Muerto,0.017918,0.667874,0.005767,94.100806,1.136986,0.0,5.684211,0.206449,LOW
carrito de compras,Home & Garden,MX,23.129032,1.109677,3069969.0,0.052614,24.016,Estable,0.02183,0.059458,0.005561,100.0,0.928262,0.0,4750.647059,0.316414,MEDIUM
plancha de pelo,Beauty & Health,MX,24.516129,-0.363306,565942.0,0.04026,11.724,Estable,0.006848,0.044458,0.004395,0.0,-0.335825,0.0,584.230769,0.175365,LOW
sombrero vaquero,Apparel Accessories,MX,65.870968,1.172581,238456.0,0.02543,26.501,Estable,0.079984,0.673079,0.852207,100.0,4.417744,0.0,159.578947,0.325353,MEDIUM
montura para caballo,Apparel Accessories,MX,21.451613,1.629839,1046229.0,0.009611,44.187,Viral/Premium,0.44327,0.154829,0.006598,100.0,0.9109,0.0,245.243902,0.376166,MEDIUM
licra de mujer,"Sports Shoes,Clothing&Accessories",MX,19.774194,1.538306,6890.0,0.019594,23.572,Muerto,0.049258,0.144119,0.00798,100.0,1.271084,0.0,67.5,0.224163,LOW
taladro de bateria,Consumer Electronics,MX,36.774194,3.6625,3111.0,0.013179,40.568,Viral/Premium,0.992655,0.864514,0.945254,100.0,3.287438,0.0,10.25,0.655787,HIGH
maquina de soldar,Tools,MX,50.967742,0.827823,83430.0,0.018842,3826.537,Barato masivo,0.078698,0.127799,0.016175,100.0,1.338335,0.0,68.347826,0.237815,LOW
robot aspirador,Home Appliances,MX,3.296703,0.162096,9243.0,0.055069,343.917,Estable,0.008094,0.0,0.004392,17.885332,0.042883,1.1e-05,46.272727,0.174617,LOW
card play,"Automobiles, Parts & Accessories",MX,21.098901,-0.030642,,0.0,130.879,Muerto,0.01422,0.064097,0.004395,18.341137,-0.0199,0.0,0.0,0.172961,LOW
aspiradora de mano,Home Appliances,MX,10.395604,0.243717,52279.0,0.03225,1029.749,Barato masivo,0.057726,0.02,0.004391,32.330148,0.109745,0.0,73.304348,0.195702,LOW
aceite de oliva,Home & Garden,MX,70.032967,0.035659,240132.0,0.020064,24.123,Estable,0.005326,0.005,0.004421,73.242236,0.289289,0.000484,123.538462,0.239136,LOW
kit de extensiones de pestañas,Beauty & Health,MX,1.098901,-0.031852,4649.0,0.019144,15.891,Muerto,0.007534,0.0,0.004388,0.0,-0.003048,2.8e-05,17.8,0.174545,LOW
pestañas postizas,Beauty & Health,MX,33.538462,0.235117,1269.0,0.008668,18.243,Muerto,0.07112,0.648697,0.00503,54.698997,0.311272,0.0,3.666667,0.204937,LOW
brillo labial perfumado,Beauty & Health,MX,1.098901,0.0,,0.0,24.869,Muerto,0.009083,0.0,0.004388,1.098901,0.0,2.8e-05,0.0,0.174821,LOW
rubor liquido,Beauty & Health,MX,5.274725,0.086431,4040.0,0.021287,18.852222,Muerto,0.022761,0.005,0.004393,13.053512,0.027983,0.0,28.666667,0.178414,LOW
jabon blanqueador,Beauty & Health,MX,1.098901,0.054149,97555.0,0.029696,23.149,Estable,0.009697,0.0,0.004388,5.972289,0.005182,2.8e-05,482.833333,0.186826,LOW
cargador USB,Phones & Telecommunications Accessories,MX,38.934066,0.091575,759.0,0.007905,16.441,Muerto,0.028664,0.081426,0.004431,47.175824,0.110401,0.0,2.0,0.182377,LOW
guantes de nitrilo,Apparel Accessories,MX,52.098901,-0.184663,126484.0,0.030178,22.714,Estable,0.00397,0.029822,0.004431,35.479216,-0.359265,0.0,123.129032,0.162474,LOW
ganchos para puerta,"Automobiles, Parts & Accessories",MX,1.098901,0.060519,14945.0,0.018334,17.826,Muerto,0.004375,0.0,0.004388,6.545628,0.005792,2.8e-05,45.666667,0.174195,LOW
proyector para cine,Consumer Electronics,MX,1.989011,0.098917,100750.0,0.026164,25.535,Estable,0.000842,0.0,0.004388,10.891543,0.013647,1e-06,64.292683,0.170257,LOW
eslabones italianos,Jewelry & Accessories,MX,1.098901,0.017519,,0.0,6.847,Muerto,0.001248,0.0,0.004388,2.675585,0.001677,2.8e-05,0.0,0.171732,LOW
sarten huevos,Home & Garden,MX,8.21978,0.447826,1138007.0,0.027214,30.276,Estable,0.025641,0.025,0.004408,48.524128,0.154811,0.0,774.25,0.20097,LOW
lampara led escritorio,Lights & Lighting,MX,5.483516,0.305017,1250.0,0.0424,48.731,Muerto,0.008023,0.01,0.004388,32.935022,0.081081,0.0,2.789474,0.17333,LOW
soporte celular escritorio,Phones & Telecommunications Accessories,MX,2.065934,0.116961,1790.0,0.005028,27.368,Muerto,0.006525,0.005,0.004388,12.592451,0.016232,1e-06,0.75,0.171007,LOW
soporte celular coche magnetico,Phones & Telecommunications Accessories,MX,1.098901,0.012741,22470.0,0.005296,16.585,Muerto,0.003546,0.01,0.004388,2.245581,0.001219,2.8e-05,7.933333,0.17283,LOW
soporte celular bicicleta,Phones & Telecommunications Accessories,MX,1.098901,0.054149,2434.0,0.021775,31.663,Muerto,0.003878,0.0,0.004388,5.972289,0.005182,2.8e-05,4.076923,0.172979,LOW
base refrigerante laptop,Computer & Office,MX,1.098901,0.014333,7789.0,0.022211,143.05,Muerto,0.000712,0.0,0.004388,2.388915,0.001372,2.8e-05,21.625,0.17203,LOW
mini ventilador usb,Home Appliances,MX,1.791209,0.095461,496.0,0.008065,49.801,Muerto,0.008817,0.0,0.004388,10.382704,0.01283,4e-06,0.666667,0.172248,LOW
ventilador portatil mano,Home & Garden,MX,1.098901,0.055741,10213.0,0.013904,60.852,Muerto,0.003659,0.0,0.004388,6.115624,0.005334,2.8e-05,9.466667,0.173025,LOW
difusor aceites esenciales,Home Appliances,MX,8.956044,0.488661,15300.0,0.020719,187.242,Muerto,0.039428,0.054122,0.004474,52.935499,0.182988,0.0,12.68,0.18894,LOW
purificador aire portatil,Furniture,MX,1.098901,0.06689,3089.0,0.018453,4063.95,Barato masivo,0.033658,0.005,0.004387,7.118968,0.006401,2.8e-05,8.142857,0.185026,LOW
protector teclado silicona,Phones & Telecommunications Accessories,MX,1.098901,-0.055741,,0.0,21.001,Muerto,0.00307,0.0,0.004388,0.0,-0.005334,2.8e-05,0.0,0.172268,LOW
espejo maquillaje led,Beauty & Health,MX,4.098901,0.227122,16303.0,0.011164,64.707,Muerto,0.018022,0.01,0.004388,24.539895,0.045897,0.0,5.352941,0.176423,LOW
organizador joyeria,Home & Garden,MX,1.098901,0.058927,91216.0,0.059595,74.467,Estable,0.003392,0.0,0.004388,6.402293,0.005639,2.8e-05,339.75,0.180873,LOW
organizador zapatos,Home & Garden,MX,11.483516,0.632585,77223.0,0.009868,25.756,Muerto,0.048201,0.668826,0.005334,68.416149,0.263211,0.0,33.130435,0.195152,LOW
zapatero portatil,Home & Garden,MX,1.098901,0.065297,,0.0,21.913,Muerto,0.003672,0.0,0.004388,6.975633,0.006249,2.8e-05,0.0,0.172828,LOW
dispensador jabon automatico,Home Improvement,MX,1.098901,0.062112,4266.0,0.006329,138.67,Muerto,0.009629,0.0,0.004388,6.688963,0.005944,2.8e-05,5.4,0.175333,LOW
cortador verduras manual,Home & Garden,MX,1.098901,0.063704,476.0,0.02521,61.99,Muerto,0.003821,0.0,0.004388,6.832298,0.006096,2.8e-05,1.333333,0.172915,LOW
pelador frutas acero,Home & Garden,MX,1.098901,0.020704,,0.0,38.511,Muerto,0.003974,0.0,0.004388,2.962255,0.001981,2.8e-05,0.0,0.172831,LOW
taza mezcladora automatica,Home & Garden,MX,1.098901,0.003185,467.0,0.006424,38.5875,Muerto,0.004274,0.0,0.004388,1.385571,0.000305,2.8e-05,0.6,0.172919,LOW
molinillo cafe manual,Home & Garden,MX,1.098901,-0.062112,3084.0,0.020752,4897.381667,Barato masivo,0.025629,0.015,0.004387,0.0,-0.005944,2.8e-05,6.4,0.181431,LOW
cafetera portatil viaje,Home & Garden,MX,1.098901,0.004778,4043.0,0.026713,83.876,Muerto,0.003417,0.0,0.004388,1.528906,0.000457,2.8e-05,5.4,0.172696,LOW
bascula cocina digital,Home & Garden,MX,1.813187,0.00911,11226.0,0.005434,46.04,Muerto,0.002924,0.005,0.004388,2.633063,0.001419,2.4e-05,3.388889,0.171983,LOW
temporizador cocina digital,Home & Garden,MX,1.098901,0.028667,1057.0,0.015137,41.995,Muerto,0.003951,0.0,0.004388,3.67893,0.002743,2.8e-05,1.333333,0.172875,LOW
sellador bolsas plastico,Home & Garden,MX,2.043956,0.106896,37663.0,0.007726,33.699,Muerto,0.006335,0.0,0.004388,11.664596,0.014813,1e-06,72.75,0.17264,LOW
organizador refrigerador,Home & Garden,MX,4.186813,0.236853,1724.0,0.016241,49.732,Muerto,0.013354,0.015,0.004388,25.503583,0.052709,0.0,2.8,0.174683,LOW
contenedores alimentos hermeticos,Home & Garden,MX,2.076923,-0.067813,3369.0,0.005046,24.917,Muerto,0.004688,0.0,0.004388,0.0,-0.009417,1e-06,3.4,0.169621,LOW
lonchera termica,Luggage & Bags,MX,7.802198,0.123236,981729.0,0.050803,100.928889,Estable,0.022721,0.0,0.004393,18.893454,0.049064,0.0,1847.222222,0.222703,LOW
soporte esponja fregadero,Home & Garden,MX,1.098901,0.022297,1.0,0.0,21.428,Muerto,0.00401,0.0,0.004388,3.10559,0.002134,2.8e-05,0.0,0.17285,LOW
cepillo limpieza cocina,Home & Garden,MX,1.098901,0.044593,272888.0,0.01903,17.913,Estable,0.001868,0.0,0.004388,5.112279,0.004268,2.8e-05,115.4,0.174828,LOW
tapete secado platos,Computer & Office,MX,1.098901,-0.041408,253.0,0.01581,51.961,Muerto,0.000597,0.0,0.004388,0.0,-0.003963,2.8e-05,0.8,0.171336,LOW
cepillo wc silicona,Home & Garden,MX,1.098901,-0.047778,,0.0,37.6,Muerto,0.002857,0.0,0.004388,0.0,-0.004572,2.8e-05,0.0,0.172204,LOW
mopa giratoria,Home & Garden,MX,2.186813,-0.023666,37557.0,0.007269,23.15,Muerto,0.004232,0.0,0.004388,0.056856,-0.003303,0.0,10.111111,0.169715,LOW
organizador asiento coche,"Automobiles, Parts & Accessories",MX,1.098901,-0.057334,3649.0,0.01288,46.271667,Muerto,0.004758,0.01,0.004388,0.0,-0.005487,2.8e-05,3.357143,0.17302,LOW
inflador neumaticos portatil,"Automobiles, Parts & Accessories",MX,2.10989,0.029431,21267.0,0.026144,154.642222,Muerto,0.004652,0.01,0.004388,4.75872,0.004095,1e-06,24.173913,0.170459,LOW
medidor presion llantas,Tools,MX,3.89011,0.203759,310105.0,0.017143,18.627,Estable,0.002966,0.015,0.004388,22.22838,0.040952,0.0,483.272727,0.181762,LOW
sensor estacionamiento coche,Electronic Components & Supplies,MX,1.098901,0.070075,941030.0,0.011859,20.3425,Estable,0.001124,0.005,0.004388,7.405638,0.006706,2.8e-05,1395.0,0.205382,LOW
soporte monitor portatil,Home & Garden,MX,3.225806,0.403226,5271.0,0.031303,50.965,Muerto,0.017864,0.005,0.004388,39.516129,0.068602,0.0,27.5,0.177519,LOW
luz trasera bicicleta,Sports & Entertainment,MX,1.714286,0.086574,9065.0,0.02791,21.099,Muerto,0.002989,0.0,0.004388,9.505972,0.011454,6e-06,14.882353,0.170459,LOW
reloj minimalista acero,Watches,MX,2.098901,-0.020768,,0.0,42.57,Muerto,0.002577,0.0,0.004388,0.229814,-0.002888,1e-06,0.0,0.168861,LOW
reloj casual hombre,Watches,MX,2.076923,-0.006211,897.0,0.008919,35.441,Muerto,0.002413,0.0,0.004388,1.517917,-0.00091,2e-06,2.666667,0.169053,LOW
reloj mujer elegante,Watches,MX,7.912088,0.423666,3455.0,0.02576,31.322,Muerto,0.012499,0.025,0.004416,46.042045,0.132042,0.0,4.045455,0.176554,LOW
reloj cronografo,Watches,MX,7.967033,0.421739,19878.0,0.047641,53.166,Estable,0.013154,0.01,0.004408,45.923555,0.138135,0.0,59.1875,0.178311,LOW
reloj deportivo silicona,Watches,MX,1.098901,-0.057334,127.0,0.0,79.4,Muerto,0.002838,0.0,0.004388,0.0,-0.005487,2.8e-05,0.0,0.172171,LOW
pulsera acero inoxidable,Jewelry & Accessories,MX,2.813187,0.064437,102213.0,0.030084,13.856,Estable,0.00077,0.005,0.004388,8.612518,0.014958,1.5e-05,69.886364,0.172004,LOW
pulsera cuero hombre,Watches,MX,1.098901,0.062112,125.0,0.048,11.626,Muerto,0.001878,0.0,0.004388,6.688963,0.005944,2.8e-05,1.0,0.172126,LOW
anillo acero inoxidable,Jewelry & Accessories,MX,2.681319,0.10395,81860.0,0.024151,8.228,Estable,0.000822,0.01,0.004388,12.036789,0.023174,1.6e-05,44.931818,0.171821,LOW
aretes acero inoxidable,Jewelry & Accessories,MX,10.978022,0.602421,83052.0,0.028488,13.094,Estable,0.010372,0.6586,0.005334,65.195891,0.239882,0.0,51.434783,0.179814,LOW
joyero portatil viaje,Jewelry & Accessories,MX,1.098901,0.041408,,0.0,28.71,Muerto,0.001578,0.0,0.004388,4.825609,0.003963,2.8e-05,0.0,0.171927,LOW
rodillera deportiva,Sports & Entertainment,MX,1.230769,0.005001,235181.0,0.007279,27.065,Muerto,0.00208,0.0,0.004388,1.680841,0.000535,2.7e-05,77.818182,0.173828,LOW
muñequera deportiva,Sports & Entertainment,MX,1.934066,0.106896,300661.0,0.01349,13.386,Estable,0.004924,0.0,0.004388,11.554706,0.014667,2e-06,811.2,0.189956,LOW
cinturon fitness,Sports & Entertainment,MX,1.098901,-0.027074,9597.0,0.017089,39.997,Muerto,0.002378,0.005,0.004388,0.0,-0.002591,2.8e-05,14.909091,0.172426,LOW
cuerda saltar profesional,Sports & Entertainment,MX,1.098901,0.068482,66567.0,0.043069,39.23,Estable,0.00301,0.005,0.004388,7.262303,0.006554,2.8e-05,409.571429,0.182425,LOW
pesas tobillo ajustables,Sports & Entertainment,MX,1.098901,-0.062112,,0.0,75.996667,Muerto,0.003289,0.005,0.004388,0.0,-0.005944,2.8e-05,0.0,0.172339,LOW
botella shaker gimnasio,Home & Garden,MX,1.098901,0.015926,3968.0,0.008065,90.884,Muerto,0.004799,0.0,0.004388,2.53225,0.001524,2.8e-05,4.571429,0.173259,LOW
pastillero semanal,Beauty & Health,MX,1.098901,0.068482,58151.0,0.00325,33.252,Muerto,0.009785,0.0,0.004388,7.262303,0.006554,2.8e-05,27.0,0.175932,LOW
marcador paginas magnetico,Office & School Supplies,MX,1.098901,-0.039815,8794.0,0.137708,24.337,Estable,0.000674,0.0,0.004388,0.0,-0.00381,2.8e-05,302.75,0.178635,LOW
cojin lumbar silla,Home & Garden,MX,1.164835,0.038286,43.0,0.116279,171.972,Estable,0.003335,0.0,0.004388,4.610607,0.00388,2.8e-05,1.0,0.172612,LOW
Pelador de papas,Home & Garden,MX,8.967742,0.626613,37.0,0.0,70.917,Muerto,0.085281,0.075,0.004396,65.362903,0.193805,0.0,0.0,0.207279,LOW
regleta enchufes multiple,Computer & Office,MX,1.098901,-0.009556,1656593.0,0.015293,24.759,Estable,0.000826,0.005,0.004388,0.238892,-0.000914,2.8e-05,2814.888889,0.239213,LOW
aro de luz,Consumer Electronics,MX,28.806452,0.897984,122742.0,0.092641,23.551,Estable,0.027705,0.059913,0.005083,100.0,0.86876,0.0,258.431818,0.209051,LOW
temporizador enchufe digital,Tools,MX,1.098901,0.055741,1316.0,0.019757,52.126667,Muerto,0.001377,0.0,0.004388,6.115624,0.005334,2.8e-05,8.666667,0.172093,LOW
medidor consumo energia,Tools,MX,1.098901,0.050964,70905.0,0.021451,99.216,Muerto,0.000626,0.0,0.004388,5.685619,0.004877,2.8e-05,33.8,0.172385,LOW
humidificador de aire,Home Appliances,MX,30.322581,3.227823,14439.0,0.005402,550.788,Barato masivo,0.995807,0.911841,0.012801,100.0,2.825465,0.0,7.090909,0.644248,MEDIUM
camara seguridad interior,Security & Protection,MX,3.956044,0.231502,23842.0,0.026843,95.136,Muerto,0.003412,0.01,0.004388,24.791209,0.046619,0.0,40.0,0.171431,LOW
timbre inalambrico casa,Home Improvement,MX,1.098901,0.065297,2276.0,0.012742,40.043,Muerto,0.00677,0.0,0.004388,6.975633,0.006249,2.8e-05,5.8,0.174207,LOW
cerradura digital hogar,Home Improvement,MX,1.098901,0.070075,21594.0,0.016671,39.014,Muerto,0.004296,0.005,0.004388,7.405638,0.006706,2.8e-05,12.0,0.173379,LOW
caja fuerte pequeña,Home & Garden,MX,2.571429,-0.047699,177696.0,0.022313,40.231,Estable,0.003843,0.273794,0.004388,0.0,-0.007854,0.0,264.333333,0.175554,LOW
organizador de cables,Consumer Electronics,MX,29.677419,2.717339,1018.0,0.016699,21.539,Viral/Premium,0.898349,0.01,0.012276,100.0,2.168602,0.0,2.428571,0.587048,MEDIUM
organizador de cajones,Home & Garden,MX,29.580645,2.894355,22746.0,0.028093,24.416,Viral/Premium,0.957823,0.908881,0.012357,100.0,2.419923,0.0,19.363636,0.618175,MEDIUM
protector de pantalla,Phones & Telecommunications Accessories,MX,62.709677,-0.210081,3295.0,0.024279,8.601,Muerto,0.005027,0.03,0.004423,43.802419,-0.616658,0.0,8.0,0.153037,LOW
alfombra entrada antideslizante,Home & Garden,MX,1.098901,0.012741,628.0,0.017516,56.308,Muerto,0.004821,0.226315,0.004388,2.245581,0.001219,2.8e-05,1.833333,0.173193,LOW
cerradura inteligente,Security & Protection,MX,25.645161,1.407661,3321.0,0.011442,40.776,Muerto,0.106371,0.0,0.008722,100.0,1.303403,0.0,1.809524,0.246324,LOW
candado inteligente,Home Improvement,MX,3.225806,-0.564516,52574.0,0.008902,71.935,Muerto,0.003101,0.0,0.004388,0.0,-0.096043,0.0,66.857143,0.168024,LOW
rizador de cabello,Beauty & Health,MX,5.935484,0.067742,528982.0,0.033247,23.305,Estable,0.012769,0.0,0.004388,12.032258,0.021306,0.0,399.704545,0.183133,LOW
depilador facial,Beauty & Health,MX,3.225806,0.362903,125639.0,0.026958,64.014,Estable,0.043931,0.01,0.004388,35.887097,0.061742,0.0,307.909091,0.194506,LOW
espejo de maquillaje,Beauty & Health,MX,34.709677,3.368952,102920.0,0.020462,22.926,Viral/Premium,0.995917,0.269376,0.023488,100.0,2.834551,0.0,50.142857,0.645578,MEDIUM
cojin lumbar,Beauty & Health,MX,29.193548,2.580645,493.0,0.133874,76.909,Estable,0.981121,0.01,0.012276,100.0,1.907393,0.0,9.428571,0.61314,MEDIUM
faja lumbar soporte,Underwear,MX,7.604396,0.397229,8565.0,0.015178,58.991,Muerto,0.023427,0.189519,0.004416,43.354993,0.116111,0.0,11.818182,0.180675,LOW
soporte para laptop,Computer & Office,MX,37.387097,3.654839,6759.0,0.014203,117.328,Viral/Premium,0.987106,0.94724,0.945254,100.0,3.291061,0.0,8.727273,0.65363,HIGH
soporte para monitor,"Automobiles, Parts & Accessories",MX,14.032258,0.982258,100318.0,0.083435,46.887,Estable,0.080515,0.02,0.005243,100.0,0.666944,0.0,643.846154,0.233894,LOW
auriculares bluetooth,Consumer Electronics,MX,25.354839,1.56371,7756.0,0.022692,120.933,Muerto,0.201361,0.226742,0.013413,100.0,1.386447,0.0,12.571429,0.286877,LOW
altavoz bluetooth,Consumer Electronics,MX,17.290323,0.928629,6681.0,0.034725,141.186,Muerto,0.039556,0.057986,0.00533,100.0,0.650874,0.0,33.142857,0.202371,LOW
reloj digital,Tools,MX,71.322581,0.957661,6397.0,0.015007,22.136,Muerto,0.039629,0.141429,0.014589,100.0,2.550363,0.0,10.666667,0.25418,LOW
bascula digital,Home & Garden,MX,67.451613,0.687903,13856.0,0.007722,49.826,Muerto,0.078053,0.138784,0.018175,100.0,1.430304,0.0,4.115385,0.238545,LOW
linterna recargable,Consumer Electronics,MX,34.032258,3.359677,4059.0,0.03252,34.526,Viral/Premium,0.976665,0.923229,0.026331,100.0,2.955256,0.0,9.428571,0.64022,MEDIUM
sensor de movimiento,Lights & Lighting,MX,59.064516,1.438306,81763.0,0.018798,46.369,Viral/Premium,0.410519,0.780989,0.013017,100.0,2.668811,0.0,66.826087,0.40719,MEDIUM
cargador inalambrico,Phones & Telecommunications Accessories,MX,53.0,0.058468,270551.0,0.026383,78.754444,Estable,0.021774,0.03,0.004423,58.262097,0.12445,0.0,1019.714286,0.204491,LOW
corrector juanetes,Beauty & Health,MX,1.505495,-0.047731,1519.0,0.005267,12.074444,Muerto,0.008298,0.005,0.004388,0.0,-0.006235,2.7e-05,4.0,0.174294,LOW
separador dedos pie,Beauty & Health,MX,2.384615,0.074152,91800.0,0.008442,8.839,Muerto,0.01339,0.005,0.004388,9.05829,0.011819,1e-06,129.166667,0.176713,LOW
lapiz digital,Tools,MX,27.129032,2.58871,8383.0,0.08565,57.089,Estable,0.829167,0.17987,0.012506,100.0,1.889559,0.0,102.571429,0.554091,MEDIUM
oximetro pulso digital,Beauty & Health,MX,1.098901,-0.071667,5.0,0.0,130.03,Barato masivo,0.010502,0.0,0.004387,0.0,-0.006859,2.8e-05,0.0,0.1752,LOW
soporte para bicicleta,Sports & Entertainment,MX,34.774194,3.493548,8852.0,0.026887,50.454,Viral/Premium,0.99393,0.934172,0.936192,100.0,3.122624,0.0,21.636364,0.652032,HIGH
bolsa termica,Consumer Electronics,MX,39.935484,4.003629,33591.0,0.023727,39.835,Viral/Premium,0.997377,0.906358,0.945254,100.0,3.676476,0.0,132.833333,0.671341,HIGH
mini ventilador,Home Appliances,MX,27.774194,2.423387,1181.0,0.004234,59.15,Viral/Premium,0.948453,0.810172,0.012171,100.0,2.085385,0.0,2.5,0.604805,MEDIUM
cargador solar,Lights & Lighting,MX,11.419355,0.6625,6909.0,0.048632,51.052,Estable,0.025887,0.01,0.004413,71.044355,0.385973,0.0,56.0,0.190156,LOW
vinilos decorativos pared,Home & Garden,MX,2.10989,-0.068673,23412.0,0.023151,19.909,Muerto,0.006192,0.029122,0.004388,0.0,-0.009554,1e-06,36.133333,0.170987,LOW
reloj pared moderno,Lights & Lighting,MX,1.098901,0.065297,214.0,0.018692,127.387,Muerto,0.003071,0.0,0.004388,6.975633,0.006249,2.8e-05,0.8,0.172607,LOW
reloj inteligente,Tools,MX,77.935484,-0.170161,104548.0,0.001167,19.677,Muerto,0.0024,0.015,0.00442,62.620968,-1.012382,6e-06,17.428571,0.141982,LOW
termo acero inoxidable,Home & Garden,MX,36.0,3.853629,149314.0,0.00521,76.816667,Barato masivo,0.998702,0.819123,0.945254,100.0,3.458819,0.0,18.52381,0.663126,HIGH
botella deportiva,Sports & Entertainment,MX,10.193548,1.107258,30273.0,0.01067,39.577778,Muerto,0.167525,0.064669,0.005221,100.0,0.398228,0.0,64.6,0.247371,LOW
licuadora portatil,Home & Garden,MX,38.903226,3.941532,2343.0,0.028596,29.006,Viral/Premium,0.997924,0.894857,0.945254,100.0,3.613113,0.0,1.717949,0.666661,HIGH
batidora de mano,Home & Garden,MX,34.483871,3.452823,1841.0,0.024443,15.536,Viral/Premium,0.991238,0.849658,0.936989,100.0,3.131562,0.0,1.323529,0.650712,HIGH
sarten antiadherente,Home & Garden,MX,34.548387,3.35,890611.0,0.013326,38.376,Viral/Premium,0.993169,0.923683,0.914727,100.0,3.021469,0.0,439.555556,0.658995,HIGH
olla a presion,Home & Garden,MX,35.387097,3.292339,90676.0,0.024836,195.529,Viral/Premium,0.989566,0.213026,0.013684,100.0,2.785976,0.0,52.372093,0.641752,MEDIUM
juego de cuchillos,Tools,MX,37.032258,3.593952,1847.0,0.003249,23.889,Viral/Premium,0.99275,0.368399,0.937563,100.0,3.076347,0.0,3.0,0.649836,HIGH
dispensador de jabon,Home & Garden,MX,26.903226,2.317742,35931.0,0.002867,58.748,Viral/Premium,0.865467,0.212136,0.012169,100.0,2.118209,0.0,25.75,0.573065,MEDIUM
organizador de escritorio,Home & Garden,MX,18.16129,1.284677,24557.0,0.016289,21.217,Muerto,0.169981,0.161643,0.005503,100.0,0.992804,0.0,18.181818,0.263614,LOW
lampara de mesa,Lights & Lighting,MX,22.516129,1.88629,102932.0,0.016215,325.973,Viral/Premium,0.488483,0.187392,0.014152,100.0,1.62252,0.0,64.192308,0.409502,MEDIUM
lampara led,Lights & Lighting,MX,74.387097,-0.385081,202151.0,0.033871,36.426,Estable,0.00338,0.005,0.004423,39.729839,-1.921086,1e-06,760.777778,0.134668,LOW
foco inteligente,Lights & Lighting,MX,19.806452,1.394758,5219.0,0.013221,50.67,Muerto,0.177078,0.702215,0.006251,100.0,1.147355,0.0,4.3125,0.270376,LOW
enchufe inteligente,Phones & Telecommunications Accessories,MX,31.225806,3.09879,183464.0,0.015284,16.347,Viral/Premium,0.983238,0.879083,0.012676,100.0,2.600291,0.0,116.833333,0.635656,MEDIUM
tripode para camara,Consumer Electronics,MX,7.354839,0.424194,1497.0,0.039412,133.733333,Muerto,0.012017,0.01,0.004388,45.532258,0.127417,0.0,7.375,0.176314,LOW
estabilizador movil,Consumer Electronics,MX,3.225806,0.403226,21169.0,0.012282,86.244,Muerto,0.006356,0.0,0.004388,39.516129,0.068602,0.0,15.294118,0.172621,LOW
soporte para celular,Computer & Office,MX,48.83871,0.640726,48379.0,0.02222,48.575,Muerto,0.013773,0.207535,0.004562,100.0,0.969575,0.0,48.863636,0.201212,LOW
cable hdmi,Consumer Electronics,MX,72.032258,-0.51371,67644.0,0.055836,24.034,Estable,0.001004,0.005,0.004423,25.798387,-3.004731,1.2e-05,944.25,0.109639,LOW
adaptador usb c,Phones & Telecommunications Accessories,MX,62.258065,-0.137097,16759.0,0.024285,7.359,Muerto,0.010146,0.037338,0.004423,49.919355,-0.353366,0.0,135.666667,0.165409,LOW
memoria micro sd,Computer & Office,MX,47.677419,1.254435,3662.0,0.031404,28.48,Muerto,0.107903,0.779282,0.014034,100.0,1.767097,0.0,12.777778,0.259973,LOW
disco duro externo,Computer & Office,MX,70.870968,-0.179032,10772.0,0.024229,193.538,Muerto,0.00086,0.01,0.004423,54.758065,-0.903369,2e-06,9.0,0.143756,LOW
ssd portatil,Computer & Office,MX,26.83871,3.072984,2388.0,0.034757,28.012222,Viral/Premium,0.913136,0.843801,0.012443,100.0,2.150697,0.0,27.666667,0.593079,MEDIUM
router wifi,Computer & Office,MX,57.612903,-1.004435,1881.0,0.034556,41.712,Muerto,0.000151,0.009822,0.004422,0.0,-3.151173,0.0,9.285714,0.081309,LOW
repetidor wifi,Computer & Office,MX,68.967742,-0.744355,37841.0,0.07661,53.705,Estable,0.000272,0.0,0.004422,1.975806,-3.401186,1e-06,414.142857,0.084298,LOW
teclado inalambrico,Computer & Office,MX,39.935484,0.447984,8077.0,0.017581,212.013,Muerto,0.0094,0.726574,0.005059,80.254032,0.667672,0.0,10.923077,0.190233,LOW
mouse ergonomico,Computer & Office,MX,19.774194,1.646774,5353.0,0.020362,52.587,Muerto,0.126224,0.13248,0.018508,100.0,1.336034,0.0,21.8,0.255647,LOW
alfombrilla mouse,Computer & Office,MX,10.741935,0.677823,2313.0,0.013835,97.304,Muerto,0.011852,0.065863,0.004426,71.745968,0.269787,0.0,6.4,0.180146,LOW
silla ergonomica,Furniture,MX,33.806452,2.981855,41146.0,0.033782,2813.385,Barato masivo,0.996442,0.882902,0.013434,100.0,2.848013,0.0,44.83871,0.646031,MEDIUM
mesa plegable,Furniture,MX,71.032258,-0.591129,96970.0,0.016015,70.055,Muerto,0.007182,0.005,0.004423,17.830645,-3.443518,1.4e-05,51.766667,0.078743,LOW
soporte laptop,Computer & Office,MX,40.129032,3.954435,15337.0,0.035405,93.573,Viral/Premium,0.991385,0.898336,0.945254,100.0,3.613373,0.0,23.608696,0.664578,HIGH
ventilador de torre,Home & Garden,MX,31.387097,2.468952,451204.0,0.00363,1023.55,Barato masivo,0.95129,0.78116,0.012139,100.0,2.714915,0.0,51.1875,0.624452,MEDIUM
aire acondicionado portatil,"Automobiles, Parts & Accessories",MX,23.774194,2.168548,15181.0,0.01324,20.062,Viral/Premium,0.77007,0.745442,0.013643,100.0,1.924816,0.0,25.125,0.529554,MEDIUM
calefactor electrico,Consumer Electronics,MX,28.193548,2.707661,3414255.0,0.026292,77.889,Viral/Premium,0.982604,0.806841,0.012508,100.0,1.881938,0.0,5280.470588,0.739844,HIGH
humidificador,Home Appliances,MX,58.225806,-0.200403,,0.0,59.223,Muerto,0.00826,0.02,0.004423,40.189516,-0.566284,0.0,0.0,0.155526,LOW
deshumidificador,Home & Garden,MX,29.612903,2.547984,,0.0,452.241,Barato masivo,0.957839,0.874215,0.012139,100.0,2.407742,0.0,0.0,0.61738,MEDIUM
difusor de aromas,Home Appliances,MX,35.290323,3.412903,,0.0,121.821,Viral/Premium,0.996792,0.907881,0.936843,100.0,3.075965,0.0,0.0,0.651371,HIGH
colchon inflable,Sports & Entertainment,MX,46.806452,-1.407661,,0.0,54.839,Muerto,0.000259,0.018507,0.004422,0.0,-2.881546,0.0,0.0,0.088552,LOW
saco de dormir,Mother & Kids,MX,35.419355,3.582661,,0.0,217.214,Viral/Premium,0.999629,0.9378,0.94446,100.0,3.177296,0.0,0.0,0.655297,HIGH
tienda de campaña,Home & Garden,MX,19.483871,0.103226,,0.0,57.297,Muerto,0.017738,0.078269,0.004392,28.774194,0.080108,0.0,0.0,0.177123,LOW
linterna frontal,Lights & Lighting,MX,8.774194,1.145968,,0.0,62.355556,Muerto,0.139234,0.14,0.006207,100.0,0.354697,0.0,0.0,0.233298,LOW
navaja multiusos,Tools,MX,32.258065,3.21129,,0.0,22.634,Viral/Premium,0.965139,0.613053,0.012547,100.0,2.693436,0.0,0.0,0.62817,MEDIUM
kit primeros auxilios,Security & Protection,MX,30.548387,2.927419,,0.0,13.013,Viral/Premium,0.919278,0.603053,0.012318,100.0,2.418313,0.0,0.0,0.602242,MEDIUM
mochila escolar,Luggage & Bags,MX,38.225806,3.852823,,0.0,103.934,Viral/Premium,0.998869,0.653175,0.945132,100.0,3.50073,0.0,0.0,0.663902,HIGH
bolsa de gimnasio,Home & Garden,MX,9.096774,1.395161,,0.0,28.138,Muerto,0.315649,0.2,0.006293,100.0,0.432565,0.0,0.0,0.306028,MEDIUM
maleta de viaje,Luggage & Bags,MX,47.322581,-0.816532,,0.0,19.81,Muerto,0.001062,0.035,0.004422,0.0,-2.033629,0.0,0.0,0.112231,LOW
candado seguridad,Home Improvement,MX,27.774194,2.41371,,0.0,129.26,Barato masivo,0.969324,0.729855,0.012171,100.0,2.215219,0.0,0.0,0.616672,MEDIUM
balanza digital,Tools,MX,30.064516,2.765726,,0.0,47.387,Viral/Premium,0.910545,0.687881,0.012318,100.0,2.112808,0.0,0.0,0.590333,MEDIUM
bascula cocina,Home & Garden,MX,39.741935,4.02621,,0.0,49.238,Viral/Premium,0.999158,0.597844,0.945132,100.0,3.683013,0.0,0.0,0.669038,HIGH
oximetro,Beauty & Health,MX,67.806452,-0.410887,,0.0,45.188889,Muerto,0.008646,0.03,0.004423,30.826613,-2.557404,5e-05,0.0,0.106904,LOW
masajeador electrico,Industrial & Business,MX,37.032258,3.628226,31290.0,0.008118,663.756667,Barato masivo,0.999793,0.86288,0.945254,100.0,3.264493,0.0,11.545455,0.658042,HIGH
rodillo masaje,Beauty & Health,MX,35.516129,3.525403,,0.0,22.473,Viral/Premium,0.998421,0.733053,0.935394,100.0,3.10577,0.0,0.0,0.652844,HIGH
mancuernas,Sports & Entertainment,MX,70.806452,-0.183065,,0.0,16.988,Muerto,0.006514,0.065,0.004423,54.330645,-0.735478,0.0,0.0,0.150174,LOW
kettlebell,Jewelry & Accessories,MX,31.870968,0.618548,,0.0,21.447,Muerto,0.046856,0.310833,0.004676,87.540323,0.62333,0.0,0.0,0.203736,LOW
bloques yoga,Sports & Entertainment,MX,27.483871,2.633871,,0.0,91.794,Barato masivo,0.980145,0.747646,0.012734,100.0,1.810968,0.0,0.0,0.609867,MEDIUM
rueda abdominal,Beauty & Health,MX,35.16129,3.434274,,0.0,71.27,Viral/Premium,0.997987,0.728053,0.936044,100.0,3.049285,0.0,0.0,0.651114,HIGH
cuerda para saltar,Sports & Entertainment,MX,33.774194,1.458468,,0.0,83.104286,Muerto,0.548059,0.697703,0.012745,100.0,1.53826,0.0,0.0,0.429473,MEDIUM
casco bicicleta,Motorcycle Equipments & Parts,MX,39.290323,3.833871,,0.0,103.268,Viral/Premium,0.999798,0.647844,0.945132,100.0,3.501618,0.0,0.0,0.664298,HIGH
luces bicicleta,Sports & Entertainment,MX,9.83871,0.583065,,0.0,56.248,Muerto,0.023538,0.045,0.004392,62.314516,0.299511,0.0,0.0,0.185488,LOW
bomba de aire,Home & Garden,MX,67.806452,-0.623387,,0.0,36.664,Muerto,0.002866,0.045,0.004423,11.701613,-2.957959,2e-06,0.0,0.087693,LOW
patines en linea,Shoes,MX,33.419355,3.538306,,0.0,81.456,Viral/Premium,0.998703,0.738224,0.03497,100.0,2.956275,0.0,0.0,0.648839,HIGH
skateboard,Home Improvement,MX,32.032258,0.30121,,0.0,18.115556,Muerto,0.043527,0.305937,0.00443,59.141129,0.301013,0.0,0.0,0.193526,LOW
balon futbol,Sports & Entertainment,MX,65.193548,1.37379,,0.0,28.709,Muerto,0.225182,0.338269,0.857048,100.0,4.796644,0.0,0.0,0.39004,MEDIUM
balon baloncesto,Sports & Entertainment,MX,28.387097,2.682661,,0.0,19.968,Viral/Premium,0.948904,0.613213,0.012239,100.0,2.077905,0.0,0.0,0.60472,MEDIUM
balon voleibol,Sports & Entertainment,MX,21.225806,1.478226,,0.0,30.522,Muerto,0.268035,0.297665,0.00713,100.0,1.252371,0.0,0.0,0.309558,MEDIUM
raqueta tenis,Sports & Entertainment,MX,31.741935,2.667339,,0.0,40.422,Viral/Premium,0.949146,0.603053,0.012239,100.0,2.320453,0.0,0.0,0.611497,MEDIUM
mesa ping pong,Sports & Entertainment,MX,37.483871,3.947581,,0.0,90.91,Viral/Premium,0.998727,0.518943,0.940712,100.0,3.411039,0.0,0.0,0.661374,HIGH
dardos,Toys & Hobbies,MX,63.419355,1.085887,,0.0,15.851,Muerto,0.074867,0.286353,0.014376,100.0,2.421306,0.0,0.0,0.264467,LOW
juego cartas,Sports & Entertainment,MX,61.032258,-0.640726,,0.0,27.422222,Muerto,0.002609,0.025,0.004423,3.366935,-2.141366,0.0,0.0,0.109884,LOW
rompecabezas,Toys & Hobbies,MX,82.774194,0.504839,,0.0,17.693,Muerto,0.008998,0.195,0.873901,100.0,3.182169,5e-06,0.0,0.259717,LOW
figuras coleccionables,Toys & Hobbies,MX,33.774194,3.51129,,0.0,84.791111,Viral/Premium,0.979169,0.873053,0.037668,100.0,2.95829,0.0,0.0,0.641078,MEDIUM
set de pintura,Office & School Supplies,MX,27.967742,2.842742,,0.0,17.528,Viral/Premium,0.909037,0.553384,0.012318,100.0,2.056833,0.0,0.0,0.588188,MEDIUM
acuarelas,Office & School Supplies,MX,62.096774,0.928629,,0.0,16.165,Muerto,0.030758,0.296353,0.014421,100.0,2.283705,0.0,0.0,0.243029,LOW
lapices de colores,Beauty & Health,MX,31.677419,3.358871,,0.0,13.105,Viral/Premium,0.996765,0.628053,0.022187,100.0,2.840483,0.0,0.0,0.644874,MEDIUM
cuaderno notas,Office & School Supplies,MX,6.032258,-0.061694,,0.0,16.875,Muerto,0.001455,0.015,0.004392,0.479839,-0.019778,0.0,0.0,0.167858,LOW
agenda,Office & School Supplies,MX,74.193548,0.248387,,0.0,36.019,Muerto,0.00672,0.125,0.004947,96.548387,1.21678,1e-06,0.0,0.204109,LOW
marcadores permanentes,Office & School Supplies,MX,26.83871,3.000403,,0.0,14.644,Viral/Premium,0.934109,0.573417,0.012318,100.0,2.09029,0.0,0.0,0.599141,MEDIUM
pizarra blanca,Office & School Supplies,MX,17.935484,1.357258,,0.0,19.226,Muerto,0.172533,0.304376,0.005362,100.0,0.68384,0.0,0.0,0.255687,LOW
reloj de pared,Tools,MX,37.709677,1.547984,,0.0,25.711,Muerto,0.267212,0.574844,0.012781,100.0,1.792075,0.0,0.0,0.324095,MEDIUM
cuadro decorativo,Home & Garden,MX,15.83871,1.271774,,0.0,36.871667,Muerto,0.243854,0.169122,0.005332,100.0,0.909709,0.0,0.0,0.290445,MEDIUM
espejo decorativo,Home & Garden,MX,30.774194,2.927016,,0.0,159.365,Viral/Premium,0.987293,0.922315,0.012315,100.0,2.314413,0.0,0.0,0.626594,MEDIUM
velas aromaticas,Home & Garden,MX,42.0,0.595161,,0.0,100.204,Muerto,0.078281,0.407538,0.004504,95.564516,0.771238,0.0,0.0,0.220383,LOW
portavelas,Home & Garden,MX,33.806452,3.466129,,0.0,26.768,Viral/Premium,0.995317,0.713053,0.033549,100.0,2.943091,0.0,0.0,0.647121,MEDIUM
plantas artificiales,Home & Garden,MX,21.322581,0.800806,,0.0,14.147,Muerto,0.093858,0.270936,0.004625,93.395161,0.657944,0.0,0.0,0.223495,LOW
maceta ceramica,Home & Garden,MX,33.258065,3.61129,,0.0,245.545,Barato masivo,0.998475,0.918053,0.934684,100.0,3.033236,0.0,0.0,0.650867,HIGH
regadera jardin,Lights & Lighting,MX,25.16129,2.89879,,0.0,25.281,Viral/Premium,0.953702,0.543588,0.012802,100.0,2.12827,0.0,0.0,0.608026,MEDIUM
herramientas jardin,Home & Garden,MX,6.16129,0.744355,,0.0,100.446,Muerto,0.063506,0.075,0.004588,73.153226,0.18435,0.0,0.0,0.198306,LOW
tijeras podar,Tools,MX,37.903226,3.980242,,0.0,552.929,Barato masivo,0.998739,0.832673,0.937783,100.0,3.419322,0.0,0.0,0.661608,HIGH
manguera jardin,Lights & Lighting,MX,15.903226,0.859677,,0.0,21.209,Muerto,0.049976,0.122629,0.004756,93.274194,0.616506,0.0,0.0,0.204796,LOW
aspersor agua,Home & Garden,MX,30.83871,3.447581,,0.0,126.56,Barato masivo,0.997537,0.917881,0.032294,100.0,2.860906,0.0,0.0,0.645745,MEDIUM
parrilla carbon,"Automobiles, Parts & Accessories",MX,9.451613,0.299194,,0.0,25.897,Muerto,0.016549,0.07,0.004392,36.379032,0.146792,0.0,0.0,0.178485,LOW
nevera portatil,Home & Garden,MX,6.322581,0.6,,0.0,49.697,Muerto,0.0475,0.065,0.004396,60.322581,0.148889,0.0,0.0,0.190925,LOW
utensilios cocina,Home & Garden,MX,47.483871,2.505645,,0.0,21.174,Viral/Premium,0.965899,0.57499,0.0172,100.0,2.960818,0.0,0.0,0.635838,MEDIUM
delantal cocina,Home & Garden,MX,18.096774,1.975403,,0.0,19.381,Viral/Premium,0.742031,0.284548,0.006755,100.0,1.078147,0.0,0.0,0.49441,MEDIUM
reloj despertador,Home & Garden,MX,16.064516,0.877419,,0.0,24.785,Muerto,0.088137,0.109122,0.004818,95.032258,0.628926,0.0,0.0,0.220407,LOW
lampara nocturna,Lights & Lighting,MX,3.225806,-0.040323,,0.0,88.867,Muerto,0.004161,0.0,0.004388,0.0,-0.00686,0.0,0.0,0.169297,LOW
cortinas tela,Home & Garden,MX,15.258065,0.905242,,0.0,11.339,Muerto,0.091954,0.125,0.004677,96.729839,0.609517,0.0,0.0,0.221399,LOW
alfombra sala,Home & Garden,MX,33.548387,3.519355,,0.0,93.589,Barato masivo,0.998018,0.908053,0.042164,100.0,2.963913,0.0,0.0,0.648775,MEDIUM
cojines decorativos,Home & Garden,MX,28.935484,3.043548,,0.0,96.723,Viral/Premium,0.983199,0.827646,0.012404,100.0,2.509662,0.0,0.0,0.630334,MEDIUM
fundas cojin,Home & Garden,MX,11.612903,0.863306,,0.0,33.009,Muerto,0.119741,0.138097,0.005162,89.310484,0.341655,0.0,0.0,0.225139,LOW
ropa de cama,Home & Garden,MX,26.225806,2.312903,,0.0,78.228571,Viral/Premium,0.890342,0.530026,0.012169,100.0,2.020477,0.0,0.0,0.579706,MEDIUM
edredon,Home & Garden,MX,66.645161,-0.632661,,0.0,40.292,Muerto,0.001943,0.045,0.004423,9.705645,-3.285397,7e-06,0.0,0.078974,LOW
mantas,Home & Garden,MX,35.870968,2.564113,,0.0,43.461,Viral/Premium,0.948032,0.768742,0.012207,100.0,2.604412,0.0,0.0,0.618873,MEDIUM
organizadores ropa,Furniture,MX,4.483871,-0.28629,,0.0,2846.011,Barato masivo,0.028679,0.005,0.004387,0.0,-0.067962,0.0,0.0,0.177423,LOW
zapatero,Shoes,MX,68.967742,-0.672581,,0.0,14.776,Muerto,0.006215,0.015,0.004423,8.435484,-3.11552,1e-06,0.0,0.084602,LOW
caja organizadora,Home & Garden,MX,24.193548,1.774597,,0.0,43.476,Viral/Premium,0.541623,0.396153,0.014331,100.0,1.582762,0.0,0.0,0.428124,MEDIUM
estanteria metalica,Home & Garden,MX,4.322581,-0.299597,,0.0,24.784,Muerto,0.003343,0.01,0.004388,0.0,-0.068559,0.0,0.0,0.16727,LOW
carrito organizador,Home & Garden,MX,13.193548,0.432661,,0.0,41.834,Muerto,0.011381,0.129122,0.004387,52.133065,0.275854,0.0,0.0,0.179971,LOW
dispensador agua,Home & Garden,MX,80.709677,0.211694,,0.0,736.572,Barato masivo,0.041787,0.055,0.020166,99.762097,1.471394,2.5e-05,0.0,0.228027,LOW
purificador aire,Home Appliances,MX,47.612903,2.069758,,0.0,1338.385,Barato masivo,0.976067,0.678219,0.012452,100.0,2.412745,0.0,0.0,0.624811,MEDIUM
cafetera italiana,Home & Garden,MX,40.419355,4.16371,,0.0,110.02,Viral/Premium,0.999548,0.642844,0.940712,100.0,3.609863,0.0,0.0,0.667179,HIGH
tetera acero,Home & Garden,MX,12.903226,1.3125,,0.0,25.7975,Muerto,0.328265,0.257993,0.005219,100.0,0.536619,0.0,0.0,0.313942,MEDIUM
molinillo cafe,Home & Garden,MX,18.645161,1.831855,,0.0,63.594,Viral/Premium,0.736074,0.288555,0.00664,100.0,0.933677,0.0,0.0,0.488047,MEDIUM
espumador leche,Home Appliances,MX,37.741935,3.83629,,0.0,839.604,Barato masivo,0.999726,0.832673,0.937783,100.0,3.257434,0.0,0.0,0.657543,HIGH
vajilla porcelana,Home & Garden,MX,29.516129,3.249194,,0.0,22.017,Viral/Premium,0.988231,0.692315,0.012547,100.0,2.708069,0.0,0.0,0.637812,MEDIUM
vasos vidrio,Home & Garden,MX,75.290323,0.240726,,0.0,30.514,Muerto,0.031233,0.179867,0.004451,96.955645,0.655762,0.0,0.0,0.198378,LOW
copas vino,Home & Garden,MX,35.870968,3.817339,,0.0,598.113,Barato masivo,0.999348,0.8928,0.940712,100.0,3.292253,0.0,0.0,0.658351,HIGH
cubiertos acero,Home & Garden,MX,29.83871,3.097177,,0.0,25.804,Viral/Premium,0.98666,0.683053,0.012401,100.0,2.418382,0.0,0.0,0.629204,MEDIUM
abridor botellas,Home & Garden,MX,3.225806,0.080645,,0.0,12.925,Muerto,0.007974,0.02,0.004388,10.483871,0.01372,0.0,0.0,0.171389,LOW
sacacorchos,Home & Garden,MX,30.032258,3.111694,,0.0,16.345,Viral/Premium,0.985312,0.652881,0.012477,100.0,2.543952,0.0,0.0,0.632123,MEDIUM
